{"cameraMode":{"drawMode":0,"name":"Shaded","section":"Shading Mode"},"sceneLighting":false,"audioPlay":false,"sceneViewState":{"showFog":true,"showMaterialUpdate":false,"showSkybox":false,"showFlares":true,"showImageEffects":true,"showParticleSystems":true},"in2DMode":false,"pivot":{"x":-5.553665637969971,"y":-4.772194862365723,"z":11.513952255249024},"rotation":{"x":0.23327024281024934,"y":-0.36574500799179079,"z":0.09525303542613983,"w":0.8959963321685791},"size":13.323389053344727,"orthographic":false}