{"cameraMode":{"drawMode":0,"name":"Shaded","section":"Shading Mode"},"sceneLighting":false,"audioPlay":false,"sceneViewState":{"showFog":true,"showMaterialUpdate":false,"showSkybox":false,"showFlares":true,"showImageEffects":true,"showParticleSystems":true,"showVisualEffectGraphs":true,"m_FxEnabled":true},"in2DMode":false,"pivot":{"x":-0.06028592213988304,"y":1.1521717309951783,"z":8.680241584777832},"rotation":{"x":-0.033284515142440799,"y":0.03357202932238579,"z":-0.0011188886128365994,"w":-0.9988848567008972},"size":0.6997143626213074,"orthographic":false}