{"cameraMode":{"drawMode":0,"name":"Shaded","section":"Shading Mode"},"sceneLighting":false,"audioPlay":false,"sceneViewState":{"showFog":true,"showMaterialUpdate":false,"showSkybox":false,"showFlares":true,"showImageEffects":true,"showParticleSystems":true,"showVisualEffectGraphs":true,"m_FxEnabled":true},"in2DMode":false,"pivot":{"x":0.6341696381568909,"y":0.20578837394714356,"z":9.614434242248536},"rotation":{"x":0.3077571392059326,"y":0.046572647988796237,"z":-0.014976468868553639,"w":0.9502481818199158},"size":1.9626092910766602,"orthographic":false}